{
  "fold": 3,
  "n_train": 572,
  "wall_sec": 304.22039699554443,
  "seed": 20260703,
  "beta_race_x_ineq_mean": -0.6826774483675,
  "beta_race_x_ineq_sd": 0.19042776699881772,
  "beta_race_x_ineq_q025": -1.06898175,
  "beta_race_x_ineq_q975": -0.3176824499999998,
  "beta_race_x_ineq_ci_clean": true,
  "beta_holc_share_D_mean": 0.89831931775,
  "beta_holc_share_D_sd": 0.16762238226506726,
  "beta_holc_share_D_q025": 0.566627675,
  "beta_holc_share_D_q975": 1.2231220000000003,
  "beta_holc_share_D_ci_clean": true,
  "beta_sundown_log1p_mean": 0.18911838002500003,
  "beta_sundown_log1p_sd": 0.04088570775584413,
  "beta_sundown_log1p_q025": 0.11070250000000001,
  "beta_sundown_log1p_q975": 0.26898252500000003,
  "beta_sundown_log1p_ci_clean": true,
  "beta_holc_any_mean": -0.23341846634462501,
  "beta_holc_any_sd": 0.0711619942284446,
  "beta_holc_any_q025": -0.37311140000000004,
  "beta_holc_any_q975": -0.09285903749999995,
  "beta_holc_any_ci_clean": true,
  "beta_vra_mean": -0.02589074381429,
  "beta_vra_sd": 0.05584179473882543,
  "beta_vra_q025": -0.13794752500000002,
  "beta_vra_q975": 0.083377,
  "beta_vra_ci_clean": false,
  "beta_sundown_any_mean": -0.12791238113400002,
  "beta_sundown_any_sd": 0.06713234208109796,
  "beta_sundown_any_q025": -0.253277575,
  "beta_sundown_any_q975": 0.0062135010000000206,
  "beta_sundown_any_ci_clean": false,
  "alpha_UB-HI_mean": -1.8933390509,
  "beta_inequity_UB-HI_mean": 0.5831559779849499,
  "beta_inequity_UB-HI_q025": -0.4630251999999999,
  "beta_inequity_UB-HI_q975": 1.9111045000000009,
  "alpha_UH-HI_mean": -0.042189789428224996,
  "beta_inequity_UH-HI_mean": -0.9535335604240001,
  "beta_inequity_UH-HI_q025": -1.9992444999999999,
  "beta_inequity_UH-HI_q975": 0.15219420000000033,
  "alpha_UW-LI_mean": 1.77330825095,
  "beta_inequity_UW-LI_mean": 0.12386162505475,
  "beta_inequity_UW-LI_q025": -0.9459137999999999,
  "beta_inequity_UW-LI_q975": 1.2543620000000004,
  "alpha_SB-MC_mean": -0.8519159350585751,
  "beta_inequity_SB-MC_mean": 0.3212496083115,
  "beta_inequity_SB-MC_q025": -0.926255375,
  "beta_inequity_SB-MC_q975": 1.8537895000000006,
  "alpha_RW-HI_mean": 0.67216664232175,
  "beta_inequity_RW-HI_mean": -0.84994305746375,
  "beta_inequity_RW-HI_q025": -1.6401955,
  "beta_inequity_RW-HI_q975": -0.10286459999999978,
  "alpha_RB-HI_mean": -0.32834761890975,
  "beta_inequity_RB-HI_mean": 0.3010706998893,
  "beta_inequity_RB-HI_q025": -0.27148835000000004,
  "beta_inequity_RB-HI_q975": 0.9000691250000001,
  "alpha_RH-HI_mean": 0.3686356072595,
  "beta_inequity_RH-HI_mean": -0.95009812165,
  "beta_inequity_RH-HI_q025": -1.4080295,
  "beta_inequity_RH-HI_q975": -0.5145945999999999,
  "alpha_RNA-HI_mean": 0.29847746241000006,
  "beta_inequity_RNA-HI_mean": -0.06631128233025001,
  "beta_inequity_RNA-HI_q025": -0.81559275,
  "beta_inequity_RNA-HI_q975": 0.7250498500000001
}