{
  "fold": 2,
  "n_train": 570,
  "wall_sec": 304.8853783607483,
  "seed": 20260702,
  "beta_race_x_ineq_mean": -0.5762679125775,
  "beta_race_x_ineq_sd": 0.17941546476957235,
  "beta_race_x_ineq_q025": -0.93509225,
  "beta_race_x_ineq_q975": -0.24339137499999997,
  "beta_race_x_ineq_ci_clean": true,
  "beta_holc_share_D_mean": 1.00988808975,
  "beta_holc_share_D_sd": 0.16757659132102218,
  "beta_holc_share_D_q025": 0.68333805,
  "beta_holc_share_D_q975": 1.3399275,
  "beta_holc_share_D_ci_clean": true,
  "beta_sundown_log1p_mean": 0.1252325416325,
  "beta_sundown_log1p_sd": 0.03824043425946726,
  "beta_sundown_log1p_q025": 0.049718735,
  "beta_sundown_log1p_q975": 0.198314675,
  "beta_sundown_log1p_ci_clean": true,
  "beta_holc_any_mean": -0.26878188386,
  "beta_holc_any_sd": 0.07230263348546656,
  "beta_holc_any_q025": -0.41056985,
  "beta_holc_any_q975": -0.12651237499999995,
  "beta_holc_any_ci_clean": true,
  "beta_vra_mean": 0.0814473287241,
  "beta_vra_sd": 0.052475714465803694,
  "beta_vra_q025": -0.019671157499999998,
  "beta_vra_q975": 0.18639832500000006,
  "beta_vra_ci_clean": false,
  "beta_sundown_any_mean": -0.0788728535940525,
  "beta_sundown_any_sd": 0.06880751060845676,
  "beta_sundown_any_q025": -0.21039127500000002,
  "beta_sundown_any_q975": 0.05794710000000006,
  "beta_sundown_any_ci_clean": false,
  "alpha_UB-HI_mean": -1.792155959055,
  "beta_inequity_UB-HI_mean": 0.47462331135425,
  "beta_inequity_UB-HI_q025": -0.5108201499999999,
  "beta_inequity_UB-HI_q975": 1.6406327500000004,
  "alpha_UH-HI_mean": 0.03563693683824999,
  "beta_inequity_UH-HI_mean": -0.9305335183532499,
  "beta_inequity_UH-HI_q025": -1.955951,
  "beta_inequity_UH-HI_q975": 0.07097187250000007,
  "alpha_UW-LI_mean": 1.7116203838675002,
  "beta_inequity_UW-LI_mean": 0.237851174663195,
  "beta_inequity_UW-LI_q025": -0.7553129749999999,
  "beta_inequity_UW-LI_q975": 1.27596575,
  "alpha_SB-MC_mean": -0.810204213028,
  "beta_inequity_SB-MC_mean": 0.22628317898298503,
  "beta_inequity_SB-MC_q025": -0.9756063,
  "beta_inequity_SB-MC_q975": 1.5856930000000007,
  "alpha_RW-HI_mean": 0.5191216025034999,
  "beta_inequity_RW-HI_mean": -0.7295850265024999,
  "beta_inequity_RW-HI_q025": -1.563344,
  "beta_inequity_RW-HI_q975": 0.04231756500000028,
  "alpha_RB-HI_mean": -0.31904302494325,
  "beta_inequity_RB-HI_mean": 0.22288525749274998,
  "beta_inequity_RB-HI_q025": -0.344012775,
  "beta_inequity_RB-HI_q975": 0.8499232000000001,
  "alpha_RH-HI_mean": 0.22756975752427497,
  "beta_inequity_RH-HI_mean": -0.80989991375,
  "beta_inequity_RH-HI_q025": -1.22875775,
  "beta_inequity_RH-HI_q975": -0.39641675,
  "alpha_RNA-HI_mean": 0.34181249707734995,
  "beta_inequity_RNA-HI_mean": -0.006156292964925001,
  "beta_inequity_RNA-HI_q025": -0.6899588,
  "beta_inequity_RNA-HI_q975": 0.6788367250000003
}