{
  "eta_cell": {
    "mean_share": 7.60481539489901,
    "sd_share": 2.25493801636822,
    "q025": 4.356941011515922,
    "q975": 12.267610206734139
  },
  "eta_inequity": {
    "mean_share": 1.5742178334523313,
    "sd_share": 1.8832578849264532,
    "q025": 0.2427535467919534,
    "q975": 7.314262560683831
  },
  "eta_race": {
    "mean_share": 3.5471309513202076,
    "sd_share": 1.219148753170787,
    "q025": 1.4976120163741802,
    "q975": 6.102325059951867
  },
  "eta_geo": {
    "mean_share": 3.0756312894054854,
    "sd_share": 2.3087179393727837,
    "q025": 0.17267212641642107,
    "q975": 8.6653374267601
  },
  "eta_ses": {
    "mean_share": 0.115916442062356,
    "sd_share": 0.03525180696811884,
    "q025": 0.06088103185282541,
    "q975": 0.1904576707154247
  },
  "eta_history": {
    "mean_share": 0.08013728022895031,
    "sd_share": 0.025681824700644316,
    "q025": 0.03492744241805808,
    "q975": 0.1316469238564745
  },
  "cross_terms_share": {
    "mean_share": -14.997849191368338,
    "sd_share": 4.706954557178942,
    "q025": -25.880464385748784,
    "q975": -8.132009914107885
  }
}