{
  "fold": 1,
  "n_train": 569,
  "wall_sec": 279.7012686729431,
  "seed": 20260701,
  "beta_race_x_ineq_mean": -0.3961192559495,
  "beta_race_x_ineq_sd": 0.15835746189194513,
  "beta_race_x_ineq_q025": -0.723585825,
  "beta_race_x_ineq_q975": -0.09620975999999991,
  "beta_race_x_ineq_ci_clean": true,
  "beta_holc_share_D_mean": 0.9394871587499999,
  "beta_holc_share_D_sd": 0.17759625073699334,
  "beta_holc_share_D_q025": 0.5978679750000001,
  "beta_holc_share_D_q975": 1.2876505,
  "beta_holc_share_D_ci_clean": true,
  "beta_sundown_log1p_mean": 0.1431499016675,
  "beta_sundown_log1p_sd": 0.039569565474888345,
  "beta_sundown_log1p_q025": 0.0669307025,
  "beta_sundown_log1p_q975": 0.22165467500000002,
  "beta_sundown_log1p_ci_clean": true,
  "beta_holc_any_mean": -0.20825077519525,
  "beta_holc_any_sd": 0.07348497925086019,
  "beta_holc_any_q025": -0.351182775,
  "beta_holc_any_q975": -0.06534856749999997,
  "beta_holc_any_ci_clean": true,
  "beta_vra_mean": 0.07956575762047499,
  "beta_vra_sd": 0.05273207052395961,
  "beta_vra_q025": -0.0233761875,
  "beta_vra_q975": 0.18090810000000002,
  "beta_vra_ci_clean": false,
  "beta_sundown_any_mean": -0.13088647489639998,
  "beta_sundown_any_sd": 0.07150781200248732,
  "beta_sundown_any_q025": -0.26799572499999996,
  "beta_sundown_any_q975": 0.004087885000000014,
  "beta_sundown_any_ci_clean": false,
  "alpha_UB-HI_mean": -1.8309798076500001,
  "beta_inequity_UB-HI_mean": 0.2745211127106685,
  "beta_inequity_UB-HI_q025": -0.594490875,
  "beta_inequity_UB-HI_q975": 1.3763480000000003,
  "alpha_UH-HI_mean": 0.01894440707582,
  "beta_inequity_UH-HI_mean": -0.7828065875212501,
  "beta_inequity_UH-HI_q025": -1.702748,
  "beta_inequity_UH-HI_q975": 0.16583460000000044,
  "alpha_UW-LI_mean": 1.74687132405,
  "beta_inequity_UW-LI_mean": 0.297954422511375,
  "beta_inequity_UW-LI_q025": -0.599787025,
  "beta_inequity_UW-LI_q975": 1.2706920000000002,
  "alpha_SB-MC_mean": -0.8071921121067501,
  "beta_inequity_SB-MC_mean": 0.10078668886367499,
  "beta_inequity_SB-MC_q025": -0.932266575,
  "beta_inequity_SB-MC_q975": 1.3262807500000002,
  "alpha_RW-HI_mean": 0.5764585249497499,
  "beta_inequity_RW-HI_mean": -0.5271744681742501,
  "beta_inequity_RW-HI_q025": -1.302877,
  "beta_inequity_RW-HI_q975": 0.17775467500000053,
  "alpha_RB-HI_mean": -0.35479053403025,
  "beta_inequity_RB-HI_mean": 0.0764884132520325,
  "beta_inequity_RB-HI_q025": -0.43103004999999994,
  "beta_inequity_RB-HI_q975": 0.6467148250000001,
  "alpha_RH-HI_mean": 0.15003987927552498,
  "beta_inequity_RH-HI_mean": -0.5980576303975,
  "beta_inequity_RH-HI_q025": -1.019276,
  "beta_inequity_RH-HI_q975": -0.18737159999999992,
  "alpha_RNA-HI_mean": 0.5084281797376,
  "beta_inequity_RNA-HI_mean": -0.050260120249724996,
  "beta_inequity_RNA-HI_q025": -0.63716905,
  "beta_inequity_RNA-HI_q975": 0.5277334750000001
}