{
  "fold": 4,
  "n_train": 579,
  "wall_sec": 314.9652318954468,
  "seed": 20260704,
  "beta_race_x_ineq_mean": -0.57960966315,
  "beta_race_x_ineq_sd": 0.19005196982700903,
  "beta_race_x_ineq_q025": -0.961219975,
  "beta_race_x_ineq_q975": -0.23017927499999988,
  "beta_race_x_ineq_ci_clean": true,
  "beta_holc_share_D_mean": 0.9272843545,
  "beta_holc_share_D_sd": 0.17369859394112583,
  "beta_holc_share_D_q025": 0.5794477,
  "beta_holc_share_D_q975": 1.2706632500000001,
  "beta_holc_share_D_ci_clean": true,
  "beta_sundown_log1p_mean": 0.1793492849,
  "beta_sundown_log1p_sd": 0.03907650678873375,
  "beta_sundown_log1p_q025": 0.104481375,
  "beta_sundown_log1p_q975": 0.2547606,
  "beta_sundown_log1p_ci_clean": true,
  "beta_holc_any_mean": -0.204499967043,
  "beta_holc_any_sd": 0.07472532359667211,
  "beta_holc_any_q025": -0.35132399999999997,
  "beta_holc_any_q975": -0.06143932749999996,
  "beta_holc_any_ci_clean": true,
  "beta_vra_mean": 0.059343093687875,
  "beta_vra_sd": 0.05190295452202036,
  "beta_vra_q025": -0.041032105,
  "beta_vra_q975": 0.16254047500000005,
  "beta_vra_ci_clean": false,
  "beta_sundown_any_mean": -0.1722571829235,
  "beta_sundown_any_sd": 0.0694222653721676,
  "beta_sundown_any_q025": -0.30683035,
  "beta_sundown_any_q975": -0.03836876749999998,
  "beta_sundown_any_ci_clean": true,
  "alpha_UB-HI_mean": -1.9680294846,
  "beta_inequity_UB-HI_mean": 0.494142613938,
  "beta_inequity_UB-HI_q025": -0.5361085499999999,
  "beta_inequity_UB-HI_q975": 1.78524225,
  "alpha_UH-HI_mean": -0.01867692645525,
  "beta_inequity_UH-HI_mean": -0.9476746477982501,
  "beta_inequity_UH-HI_q025": -2.05994375,
  "beta_inequity_UH-HI_q975": 0.10265052500000062,
  "alpha_UW-LI_mean": 1.9036718477999999,
  "beta_inequity_UW-LI_mean": 0.265723501962275,
  "beta_inequity_UW-LI_q025": -0.80638045,
  "beta_inequity_UW-LI_q975": 1.3078700000000003,
  "alpha_SB-MC_mean": -0.9116020308825,
  "beta_inequity_SB-MC_mean": 0.25233552249425,
  "beta_inequity_SB-MC_q025": -0.9805327749999999,
  "beta_inequity_SB-MC_q975": 1.7805225000000005,
  "alpha_RW-HI_mean": 0.6529311958485,
  "beta_inequity_RW-HI_mean": -0.8037838155,
  "beta_inequity_RW-HI_q025": -1.5988765,
  "beta_inequity_RW-HI_q975": -0.0649060549999999,
  "alpha_RB-HI_mean": -0.4914201115275,
  "beta_inequity_RB-HI_mean": 0.39540979898289996,
  "beta_inequity_RB-HI_q025": -0.157626475,
  "beta_inequity_RB-HI_q975": 0.9839100000000001,
  "alpha_RH-HI_mean": 0.31859386358675,
  "beta_inequity_RH-HI_mean": -0.8407245437249999,
  "beta_inequity_RH-HI_q025": -1.324886,
  "beta_inequity_RH-HI_q975": -0.36381107499999993,
  "alpha_RNA-HI_mean": 0.54428222414075,
  "beta_inequity_RNA-HI_mean": -0.28971625927375,
  "beta_inequity_RNA-HI_q025": -1.0000805,
  "beta_inequity_RNA-HI_q975": 0.395910525
}