{
  "tier3_source": "Rigby et al. 2025 (10.17605/OSF.IO/FH7R6)",
  "n_units": 456,
  "n_counties_flagged_tougaloo": 201,
  "n_counties_flagged_rigby": 217,
  "wall_sec": 142.17476177215576,
  "seed": 20260800,
  "race_x_ineq_mean": -0.4335599823125,
  "race_x_ineq_sd": 0.17549839002426976,
  "race_x_ineq_q025": -0.7929054249999999,
  "race_x_ineq_q975": -0.11142432499999998,
  "race_x_ineq_ci_clean": true,
  "holc_share_D_mean": 0.688657525825,
  "holc_share_D_sd": 0.18448123582860992,
  "holc_share_D_q025": 0.331473425,
  "holc_share_D_q975": 1.0522372500000001,
  "holc_share_D_ci_clean": true,
  "holc_any_mean": -0.13414245381922502,
  "holc_any_sd": 0.07945326189218022,
  "holc_any_q025": -0.293564375,
  "holc_any_q975": 0.018316082500000077,
  "holc_any_ci_clean": false,
  "vra_mean": 0.0626609257255,
  "vra_sd": 0.05772693460170906,
  "vra_q025": -0.050797245,
  "vra_q975": 0.176175225,
  "vra_ci_clean": false,
  "sundown_log1p_rigby_mean": 0.119796581853,
  "sundown_log1p_rigby_sd": 0.04738320791840061,
  "sundown_log1p_rigby_q025": 0.0288172,
  "sundown_log1p_rigby_q975": 0.21611887500000002,
  "sundown_log1p_rigby_ci_clean": true,
  "sundown_any_rigby_mean": -0.14041317444425003,
  "sundown_any_rigby_sd": 0.07615813217985842,
  "sundown_any_rigby_q025": -0.2917906,
  "sundown_any_rigby_q975": 0.00900016900000005,
  "sundown_any_rigby_ci_clean": false
}