{
  "version": "v0.6",
  "n_units": 516,
  "wall_sec": 182.8477063179016,
  "seed": 20260900,
  "race_x_ineq_mean": -0.43572036210750004,
  "race_x_ineq_sd": 0.1406731627104127,
  "race_x_ineq_q025": -0.7163257500000001,
  "race_x_ineq_q975": -0.1683261,
  "race_x_ineq_ci_clean": true,
  "holc_share_D_mean": 0.7247117685000001,
  "holc_share_D_sd": 0.15955307469011112,
  "holc_share_D_q025": 0.4100331,
  "holc_share_D_q975": 1.0334402500000002,
  "holc_share_D_ci_clean": true,
  "holc_any_mean": -0.071344163647325,
  "holc_any_sd": 0.06822290304984809,
  "holc_any_q025": -0.203093275,
  "holc_any_q975": 0.06251411,
  "holc_any_ci_clean": false,
  "vra_mean": 0.12914394097749998,
  "vra_sd": 0.050681077658147965,
  "vra_q025": 0.032106975,
  "vra_q975": 0.22574332500000002,
  "vra_ci_clean": true,
  "sundown_log1p_mean": 0.009225278128385,
  "sundown_log1p_sd": 0.043250723666868995,
  "sundown_log1p_q025": -0.0774263975,
  "sundown_log1p_q975": 0.09401490750000001,
  "sundown_log1p_ci_clean": false,
  "sundown_any_mean": -0.029850620778649996,
  "sundown_any_sd": 0.06621155559327385,
  "sundown_any_q025": -0.15948525,
  "sundown_any_q975": 0.10029515,
  "sundown_any_ci_clean": false
}