{
  "eta_cell": {
    "mean_share": 9.407707647754737,
    "sd_share": 2.8722908475965085,
    "q025": 5.1008747223701905,
    "q975": 16.522298778341916
  },
  "eta_inequity": {
    "mean_share": 1.9048987330792393,
    "sd_share": 1.9279442429849885,
    "q025": 0.4299619950014764,
    "q975": 5.799576811336314
  },
  "eta_race": {
    "mean_share": 4.292941704483913,
    "sd_share": 1.5329892175954638,
    "q025": 1.685765607249603,
    "q975": 7.865131439133845
  },
  "eta_geo": {
    "mean_share": 3.241498593143178,
    "sd_share": 2.6837234898938025,
    "q025": 0.20660114327392712,
    "q975": 9.969581912692956
  },
  "eta_ses": {
    "mean_share": 0.14640610451579747,
    "sd_share": 0.037453179103960364,
    "q025": 0.08061964243325631,
    "q975": 0.22333266626824827
  },
  "cross_terms_share": {
    "mean_share": -17.993452782976863,
    "sd_share": 5.555351305601878,
    "q025": -31.03478188209756,
    "q975": -9.998720396899387
  }
}