{
  "eta_cell": {
    "mean_share": 7.788148662300642,
    "sd_share": 2.5919410095930315,
    "q025": 4.0293716876195145,
    "q975": 14.490257200211442
  },
  "eta_inequity": {
    "mean_share": 1.7111787142780044,
    "sd_share": 1.6277180920838514,
    "q025": 0.3492477576586124,
    "q975": 6.62912666926252
  },
  "eta_race": {
    "mean_share": 3.6127325954011225,
    "sd_share": 1.3584043829341572,
    "q025": 1.3523910043409262,
    "q975": 6.82014797085562
  },
  "eta_geo": {
    "mean_share": 2.761361824600828,
    "sd_share": 2.1590076177411515,
    "q025": 0.21610219482742954,
    "q975": 7.854767686922714
  },
  "eta_ses": {
    "mean_share": 0.1197030102451595,
    "sd_share": 0.033895710058208565,
    "q025": 0.06353983317239727,
    "q975": 0.1958415838991963
  },
  "eta_history": {
    "mean_share": 0.06050568934125011,
    "sd_share": 0.024968592365066898,
    "q025": 0.019718402229030478,
    "q975": 0.11656262198354385
  },
  "cross_terms_share": {
    "mean_share": -15.053630496167006,
    "sd_share": 4.848659202849852,
    "q025": -25.724200864283212,
    "q975": -7.84164334364919
  }
}