{
  "fold": 5,
  "n_train": 582,
  "wall_sec": 303.6889636516571,
  "seed": 20260705,
  "beta_race_x_ineq_mean": -0.43380778603459996,
  "beta_race_x_ineq_sd": 0.1645672526459347,
  "beta_race_x_ineq_q025": -0.7681661,
  "beta_race_x_ineq_q975": -0.129247475,
  "beta_race_x_ineq_ci_clean": true,
  "beta_holc_share_D_mean": 0.7939613095,
  "beta_holc_share_D_sd": 0.15055584434789815,
  "beta_holc_share_D_q025": 0.507654225,
  "beta_holc_share_D_q975": 1.087854,
  "beta_holc_share_D_ci_clean": true,
  "beta_sundown_log1p_mean": 0.172331125575,
  "beta_sundown_log1p_sd": 0.039673193214187094,
  "beta_sundown_log1p_q025": 0.09515606,
  "beta_sundown_log1p_q975": 0.251223325,
  "beta_sundown_log1p_ci_clean": true,
  "beta_holc_any_mean": -0.1671910362364,
  "beta_holc_any_sd": 0.06676477035517142,
  "beta_holc_any_q025": -0.29780925,
  "beta_holc_any_q975": -0.03729540249999999,
  "beta_holc_any_ci_clean": true,
  "beta_vra_mean": 0.08417695587877501,
  "beta_vra_sd": 0.05147679012487287,
  "beta_vra_q025": -0.0145076225,
  "beta_vra_q975": 0.18282527500000004,
  "beta_vra_ci_clean": false,
  "beta_sundown_any_mean": -0.10737598008827501,
  "beta_sundown_any_sd": 0.06828000811742688,
  "beta_sundown_any_q025": -0.24032654999999997,
  "beta_sundown_any_q975": 0.02592661500000002,
  "beta_sundown_any_ci_clean": false,
  "alpha_UB-HI_mean": -1.6081027525865,
  "beta_inequity_UB-HI_mean": 0.2902189012279,
  "beta_inequity_UB-HI_q025": -0.6430824500000001,
  "beta_inequity_UB-HI_q975": 1.4140455,
  "alpha_UH-HI_mean": -0.1256793657827,
  "beta_inequity_UH-HI_mean": -0.8313527320715,
  "beta_inequity_UH-HI_q025": -1.79623825,
  "beta_inequity_UH-HI_q975": 0.11938752500000029,
  "alpha_UW-LI_mean": 1.6522352652999999,
  "beta_inequity_UW-LI_mean": 0.3574823104728,
  "beta_inequity_UW-LI_q025": -0.5928431,
  "beta_inequity_UW-LI_q975": 1.3486315,
  "alpha_SB-MC_mean": -0.627084201698,
  "beta_inequity_SB-MC_mean": 0.1145648342908,
  "beta_inequity_SB-MC_q025": -1.0147424999999999,
  "beta_inequity_SB-MC_q975": 1.3929525,
  "alpha_RW-HI_mean": 0.52191586233575,
  "beta_inequity_RW-HI_mean": -0.65132280685425,
  "beta_inequity_RW-HI_q025": -1.3765497500000001,
  "beta_inequity_RW-HI_q975": 0.0016549455000000335,
  "alpha_RB-HI_mean": -0.292311148740175,
  "beta_inequity_RB-HI_mean": 0.24391257731855,
  "beta_inequity_RB-HI_q025": -0.23289867499999997,
  "beta_inequity_RB-HI_q975": 0.7580204250000003,
  "alpha_RH-HI_mean": -0.054985880923,
  "beta_inequity_RH-HI_mean": -0.62508475381,
  "beta_inequity_RH-HI_q025": -1.0210305,
  "beta_inequity_RH-HI_q975": -0.23070734999999995,
  "alpha_RNA-HI_mean": 0.42774540270015,
  "beta_inequity_RNA-HI_mean": -0.06258564879975001,
  "beta_inequity_RNA-HI_q025": -0.66384045,
  "beta_inequity_RNA-HI_q975": 0.541875925
}